"SNP","CHROM","POS","REF","ALT","Effect","SE","protein.FarmCPU"
"11_10460",1,95,"A","G",0.108650773587595,0.0328736914383407,0.00099419634508376
"11_10419",1,375,"A","G",0.0963836962500935,0.0299940162785696,0.0013672327977857
"12_10636",1,451,"C","T",-0.135139259808334,0.035069267868471,0.000126329974801096
"12_11011",1,603,"G","A",-0.127692189085508,0.0353511396232756,0.000323792387108482
"11_21174",1,829,"G","A",-0.141585554620171,0.0368876901762685,0.000134253753817248
"12_30951",1,1142,"T","A",0.1375041987115,0.0376561305975306,0.000278600365971153
"11_11287",1,5000,"C","G",0.139762318464996,0.0459204081492298,0.00241884366413761
"12_30562",1,5000,"G","A",0.153406317647303,0.0458266938152335,0.000855684345383261
"12_10938",1,5060,"C","G",0.36284646009271,0.073441874716244,1.32436306815536e-08
"12_11107",1,5322,"G","A",-0.623252630268863,0.203359563525931,0.00225574087426779
"12_10166",1,6953,"T","C",0.105648523841447,0.0310772195087329,0.000710371220443023
"11_20121",1,7545,"T","C",0.102938942042027,0.0330173886928039,0.00189162432723222
"11_20657",1,7729,"A","G",0.124863967619451,0.0407611609662328,0.00226674439239457
"12_20599",1,13556,"T","C",-0.103072296161022,0.0357904887118072,0.00409073315979456
"12_10746",1,13831,"G","A",-0.127767248597417,0.037770031557986,0.000754528827789252
"11_21507",2,0,"G","T",0.458071432095237,0.10128660071876,7.0923867678931e-06
"12_10970",2,0,"G","A",-0.122497585091072,0.0404662019572292,0.00255249746333806
"12_31446",2,0,"G","A",-0.118499345375545,0.0406526748716566,0.0036629178557437
"12_30781",2,857,"T","C",0.106446683624352,0.0351343411758531,0.00253133194160468
"12_20326",2,3910,"C","T",0.241053150214725,0.0580010309436301,3.60871019618459e-05
"11_11505",2,4907,"C","T",-0.123814899859777,0.0336556652460984,0.000250883839745269
"11_20500",2,5824,"G","A",0.123387079406644,0.0413214137946343,0.00291749010372891
"12_10485",2,5824,"G","A",0.132155947331555,0.0410680801941218,0.00134605845291828
"11_10679",2,5890,"C","T",-0.144639733281606,0.0455233779787543,0.00154717557840286
"12_31293",2,8133,"A","T",-0.25714016225966,0.0744970414875188,0.000588058107740125
"11_10619",2,8275,"G","C",0.122725835180805,0.0396328570753826,0.0020300772696125
"11_10823",2,8275,"T","C",0.113579379741605,0.0391614067018165,0.00383634767752542
"11_11214",2,8275,"G","A",0.113579379741605,0.0391614067018165,0.00383634767752542
"11_10287",2,8592,"A","G",0.149348910640164,0.0467674032425621,0.00146414571614977
"11_20340",2,8592,"G","T",-0.459969046933551,0.0794323372156929,1.02764203841127e-08
"11_10791",2,15067,"G","T",-0.121857187388228,0.0339253880339289,0.00034949032218477
"12_30823",2,15067,"C","A",-0.0989646093281777,0.0315563030236095,0.00177825041000179
"12_30818",3,963,"T","C",-0.16524192887289,0.041374080450782,3.9628955594087e-06
"12_30915",3,1323,"C","T",-0.478715497410545,0.125456293496365,0.000146837474702842
"11_10559",3,2499,"T","C",-0.100525843762551,0.031344825319094,0.00139728549839949
"11_20704",3,6552,"T","C",0.0843334756506184,0.0280921481402697,0.00277018211346107
"11_21305",3,6757,"A","G",-0.0827158128578418,0.0272114139236723,0.00244943657330537
"12_31346",3,7698,"G","A",-0.0936791549037714,0.0293084249869095,0.00144979614664177
"11_21212",3,11142,"A","G",0.144457285320055,0.0378716294839467,8.3137582108696e-06
"11_11503",3,11400,"A","G",0.10558601832577,0.0302549795654973,0.000511252467099637
"11_20523",3,11400,"G","A",0.133682314718007,0.0370689609917725,0.000330980742802398
"12_30276",3,11400,"C","T",0.104730598144123,0.0300587150363904,0.000522033729180599
"12_30375",3,11478,"G","A",0.0966593546164951,0.0300041547731393,0.00132967302113875
"12_31329",3,11555,"A","G",0.105226932569732,0.0302518027231187,0.00053334053313706
"12_31458",4,1202,"G","A",-0.114580398013413,0.0282894444551901,5.64352620905136e-05
"11_20422",4,2459,"G","C",-0.221806241864051,0.0436994763843737,4.86411236959075e-07
"11_20302",4,2619,"T","C",-0.180712633909135,0.0401136030039194,7.68625431746648e-06
"11_20680",4,2619,"G","A",-0.118617947098027,0.037450337195785,0.00160023151365475
"11_21070",4,2619,"A","C",-0.202514704316897,0.0444060514895969,5.9511086095094e-06
"11_21418",4,2619,"C","T",-0.121803777261015,0.0372440327041256,0.00112252501980998
"11_20777",4,2666,"G","A",-0.201826977673988,0.0443685695201371,6.28081361004749e-06
"11_21122",4,3338,"C","T",0.114987365776431,0.0294983308025779,0.000105561305977535
"12_30863",4,3338,"C","T",-0.223220315781241,0.0456157896502471,1.21125491256366e-06
"12_30864",4,3338,"T","C",-0.200955554990855,0.0440690868501794,5.96515313427219e-06
"12_30865",4,3338,"G","C",-0.223220315781241,0.0456157896502471,1.21125491256366e-06
"12_10860",4,3637,"C","T",-0.150728907271596,0.0373285310517285,5.94320280713922e-05
"11_20012",4,3976,"C","T",-0.160483283383677,0.0366547348219328,1.36493497277958e-05
"12_20240",4,4036,"T","C",-0.140491197321488,0.042405295256913,0.000966724871491831
"11_10048",4,4245,"C","T",-0.153591610335283,0.042571084838464,0.000329016659789802
"11_20178",4,8627,"G","A",-0.114178088395775,0.033030656039787,0.00057732190438035
"11_20358",4,8822,"G","A",-0.0867286777095497,0.0268867757766788,0.00131072400727564
"12_10271",4,9659,"C","G",-0.140796924715975,0.0466945514715692,0.00265340668242055
"12_30584",4,9659,"A","G",0.301084752016898,0.0828069706078066,0.000295696900115942
"11_20515",4,10162,"C","T",-0.101062650241495,0.0348516890809782,0.00384236164890232
"11_10697",4,11466,"T","C",0.46489437045195,0.10869065610125,2.13504225311462e-05
"11_21210",4,11760,"C","G",0.490849009156015,0.149547949863336,0.00107724528795146
"11_11361",5,0,"G","C",-0.160422762409489,0.0493696523382405,0.00120755173700548
"11_21221",5,933,"C","T",0.189727227885254,0.0585159597699118,0.0012376364465709
"11_10974",5,2700,"C","G",-0.0930917917884813,0.0288150041296911,0.00128845198572477
"12_30575",5,5130,"G","A",0.342056529403777,0.0490303931145314,2.05119396398347e-13
"11_20441",5,6331,"G","C",0.2006831127351,0.0662136642962396,0.00252193905646928
"11_21239",5,6934,"C","T",-0.145007419622857,0.0327099790663151,1.06636254299902e-05
"11_21133",5,8061,"T","C",-0.394063144489443,0.107827206587585,0.00027541444886351
"12_10634",5,8061,"C","T",-0.407060077578085,0.108867890431854,0.000198683760672071
"12_31417",5,10818,"G","C",-0.12402400364082,0.0293660318832681,2.69997426199162e-05
"11_20127",5,12352,"A","T",0.110014732864016,0.0318465243140636,0.000581982807923037
"12_30524",5,12352,"T","C",0.114477206284519,0.0380011729157681,0.00267779895965923
"12_31278",5,12423,"A","T",0.139330586421224,0.0337761785138003,4.11677561931419e-05
"12_30377",5,12869,"G","A",0.137216121937188,0.0409814894236885,0.000853513691967038
"11_10705",5,13263,"C","T",0.11392105483956,0.0326750923970578,0.000517675930978639
"11_21247",5,13263,"A","C",0.102060580155882,0.03043462072943,0.000837897212930214
"11_10783",5,13572,"T","C",0.103899334119331,0.0276784700934697,0.000187532211044003
"12_30668",5,13643,"G","A",0.117522517405511,0.0277832866260134,2.62387774222309e-05
"12_30869",5,13643,"G","A",0.123582283466906,0.0275836315810018,8.60750746010095e-06
"11_10095",5,13716,"G","C",0.166282087706689,0.0309884676760802,1.07175174330952e-07
"11_11080",5,13716,"C","G",0.0997846828768001,0.0283000496955277,0.000447388342530215
"11_20188",5,13716,"G","C",0.103650692277169,0.0282169646261846,0.000256276347019075
"11_21241",5,13716,"T","C",0.159776700786637,0.0312772997548619,4.1174847378809e-07
"12_30929",5,13716,"A","G",0.146941646802581,0.0403047815842824,0.000284862954881048
"12_30930",5,13716,"C","G",0.107824870107853,0.0283898345695252,0.000157567054223438
"12_31237",5,13716,"T","A",0.165951657454041,0.0312006430470575,1.37661881070542e-07
"11_10845",5,14220,"T","G",0.164309695539629,0.0421536716767252,0.000105656820171717
"11_11071",5,14220,"T","C",0.189537050010408,0.0493145825680441,0.000131524237437411
"11_11532",5,14220,"T","C",0.173691638767529,0.0417123442310456,3.48694937822999e-05
"11_21289",5,14220,"A","G",0.139796678237985,0.0413260125868107,0.000754504514860185
"12_31366",5,14220,"C","T",0.180707925443905,0.0423072222709536,2.19094444579313e-05
"11_10819",5,14392,"C","T",0.146107919695698,0.0341189391578924,2.0879352506159e-05
"11_20375",5,14392,"C","G",0.147604047661666,0.0342179253352244,1.81888541464151e-05
"12_30556",5,14392,"G","C",0.115836907772325,0.0355728973922084,0.00117896531356961
"11_10292",5,14463,"C","G",0.135120555527628,0.0347759913969986,0.000111094397238465
"12_31217",5,14463,"A","G",0.119958392313706,0.0339833280802147,0.00044084546218577
"11_11092",5,14535,"A","G",0.148612429454246,0.0362533761640256,4.59319570583024e-05
"11_10104",5,14600,"C","T",0.167955036752517,0.0422967462710837,7.84470765087878e-05
"11_20676",5,14600,"A","C",0.179521237235576,0.0431075163843581,3.48000758426812e-05
"11_20731",5,14600,"A","G",0.178310980020946,0.0432838772455586,4.21483625004922e-05
"12_30400",5,14910,"A","C",0.0882385198302593,0.0277578503013793,0.00153875090740571
"11_11497",5,15513,"A","C",-0.13653971685846,0.0346888982515272,9.04478818863162e-05
"11_10820",5,15909,"T","C",0.0917979839472771,0.0285351905579207,0.00135052142449936
"11_21041",5,15909,"G","A",0.084387555104442,0.0286371699408138,0.00330972765868755
"11_10161",5,15979,"T","C",-0.143554312981177,0.039131536962235,0.000261088621418354
"11_10528",5,15979,"C","T",-0.125569105642384,0.0379492597308226,0.00098109488546417
"11_10536",5,15979,"T","C",0.115209056896636,0.0396158867044471,0.00374222962761517
"11_10582",5,15979,"T","C",0.0955331902775711,0.0323207101445354,0.00321570583183667
"11_10741",5,15979,"A","G",-0.134128840590026,0.0394582467721448,0.000711110306470407
"11_10902",5,15979,"G","A",-0.143163024358145,0.0391807268593856,0.000276117118586313
"11_20078",5,15979,"G","A",0.0949974465060919,0.032371955625408,0.00344137964005799
"11_21024",5,15979,"A","G",0.106932602253774,0.0331822873130023,0.00132488245751274
"11_21452",5,15979,"A","G",-0.125569105642384,0.0379492597308226,0.00098109488546417
"11_10254",5,17906,"A","C",0.177302158427846,0.0249932973837057,2.02566852224337e-14
"11_11406",6,0,"G","A",-0.112590311367587,0.0366796461646378,0.00222041975531205
"11_10669",6,227,"T","C",-0.0768083638267409,0.0261930093553126,0.00346514047424134
"11_20415",6,1321,"A","G",0.113054609367087,0.0308909147623822,0.000269959177252715
"11_10165",6,1697,"T","A",0.126820752508765,0.0365849702275911,0.000557120512681597
"11_10494",6,4236,"G","T",-0.073366380672871,0.0248529433522833,0.00325475800956492
"11_20052",6,4236,"C","T",-0.0892888254313711,0.0307567510834465,0.00380288548378163
"12_10199",6,4544,"G","A",-0.257792269898033,0.0701626491727677,0.000255427222210303
"12_10575",6,4544,"G","T",-0.257792269898033,0.0701626491727677,0.000255427222210303
"12_10811",6,4544,"G","A",-0.252477984677334,0.062668906142489,6.17395844631803e-05
"12_11353",6,5275,"C","T",-0.684078716393556,0.0530332233593898,8.93354561824264e-38
"12_30681",6,5594,"C","T",-0.134228227587309,0.0436392596962611,0.00217460360828948
"12_30804",6,6023,"C","T",0.159732914785058,0.0451509344257822,0.000428176729851186
"11_11483",6,6327,"G","C",0.124717023541734,0.0409561036681633,0.00240647380468405
"12_11475",6,6327,"G","A",0.129680483695807,0.041981803792623,0.00208205387142505
"11_11261",6,6503,"G","T",-0.101257318790939,0.0280967531097462,0.000334044515271282
"11_20714",6,6704,"A","G",0.20528398845244,0.0384038082237279,1.19563477442895e-07
"11_20636",6,6770,"G","C",-0.121927487500839,0.0341475919568308,0.000378682530618856
"11_21469",6,6770,"T","C",-0.137794136817652,0.0365243878567512,0.000174143538898161
"11_20053",6,7254,"C","A",0.274103946507101,0.0712257118793743,0.000128942080171755
"11_20488",6,7254,"C","G",0.113581833689276,0.0363473426517558,0.00184662714818574
"12_30940",6,7254,"G","C",0.0961414499764732,0.0254017991582093,0.000165991752713914
"11_20969",6,7521,"A","G",-0.151002184472524,0.0408699725908427,0.000236024567004062
"12_30573",6,7655,"G","C",0.107604527866163,0.0373039536714991,0.00403140242373847
"11_10220",6,8117,"T","C",0.0832854385188213,0.0281492479878847,0.00318573973658046
"11_11458",6,8117,"C","T",0.0863980900569672,0.0282217618105483,0.00228105908704085
"12_20448",6,11099,"G","A",0.362159510057781,0.109868146311613,0.00102536505274135
"12_31392",6,11902,"G","A",-0.108055629803578,0.0359950564642842,0.00277083536882
"11_11343",7,0,"T","A",-0.144492003988878,0.0344972190147617,3.13902675083067e-05
"11_20311",7,0,"C","A",0.126535318170692,0.0431768228102587,0.00348470286121041
"11_20584",7,0,"T","C",0.168947727327714,0.0408069397289147,3.86125229354104e-05
"11_20691",7,0,"T","C",0.12600629475568,0.0382581294288014,0.00103522424588447
"12_30959",7,0,"G","A",0.100448264428914,0.0339883910770674,0.00322002526642525
"12_20201",7,189,"C","T",0.221472014873777,0.0750844390134248,0.00327964598962491
"12_20227",7,1251,"G","A",0.288450258446211,0.0775177095215439,0.000213069727590337
"12_30880",7,6132,"A","G",0.15457956091668,0.0529633343470131,0.00362028742380378
"11_20750",7,6846,"T","C",0.128651128245281,0.0422727947774697,0.00242060933396482
"12_10657",7,6846,"T","C",0.134587176685862,0.0422370690934508,0.00149939964437236
"12_11529",7,8492,"A","T",0.213519201670945,0.0729661560324351,0.0035332805467593
"12_20685",7,9179,"A","G",0.536562636948229,0.0559849808074595,1.11659571852923e-23
"12_10362",7,10867,"T","C",1.12389694093176,0.330239184398134,0.000700881452816951
"12_30368",7,11890,"C","T",0.118120354499014,0.0393618454121898,0.0027804999565781
"12_10543",7,12207,"T","C",-0.130959764278423,0.0454371791571517,0.00406085261664786
"11_21229",7,12836,"A","G",0.137155688789704,0.0339615391651053,5.92690121288955e-05
"12_11279",7,12836,"G","T",-0.135566621465696,0.035481678935608,0.000143973328989924
"11_21209",7,12991,"A","G",0.176406003833751,0.0303791223129352,9.3733648878507e-09
"11_10861",7,13379,"G","T",0.133450506714665,0.0311052271417687,2.01601792226196e-05
"11_21104",7,13379,"A","T",0.113817628661918,0.0347580086097517,0.00110639993920826
"11_10797",7,13662,"A","G",-0.107120030915286,0.0349469940693312,0.00225251849526157
"11_10454",7,14021,"C","T",0.0872789007011736,0.0277274327641359,0.00170996068991782
"12_10973",7,14021,"G","A",-0.143842713673948,0.0368735909007252,0.00010434156850846
"11_10843",7,14445,"G","C",0.0998591518055179,0.0282302382369517,0.000428883268873313
"11_11440",7,14445,"A","T",0.105435753574717,0.0293278853541097,0.000345357946351685
"11_21363",7,14445,"A","G",0.136675095815791,0.0307271174790899,9.96764681985108e-06
"11_20504",7,15776,"G","C",0.647111057960728,0.190593861953732,0.000721485449414548
